"","RMSE","Rsquared","MAE","Resample","Model","Dataset","Runtime","hyper.ncomp"
"1",1.66534913132778,0.350298806042307,1.20113260697323,"Fold1.Rep1","kernelpls","boston",0.823066666666515,3
"4",1.87545260916174,0.281616234713139,1.29957703778574,"Fold2.Rep1","kernelpls","boston",0.823066666666515,3
"7",1.8948500756856,0.247393941565682,1.33840362908617,"Fold3.Rep1","kernelpls","boston",0.823066666666515,3
"10",1.72191617657371,0.369004422282348,1.28275024941221,"Fold4.Rep1","kernelpls","boston",0.823066666666515,3
"13",1.9127251975294,0.252389211130425,1.36702301216866,"Fold5.Rep1","kernelpls","boston",0.823066666666515,3
"16",1.76917868503558,0.345635668524257,1.27570201113662,"Fold1.Rep2","kernelpls","boston",0.823066666666515,3
"19",1.64807231219216,0.33650659994202,1.21595347736733,"Fold2.Rep2","kernelpls","boston",0.823066666666515,3
"22",1.89622854621684,0.322993116644359,1.36103642655486,"Fold3.Rep2","kernelpls","boston",0.823066666666515,3
"25",1.87565318229808,0.209307986581383,1.29963226440667,"Fold4.Rep2","kernelpls","boston",0.823066666666515,3
"28",1.8808560340592,0.272012083113856,1.32486588864293,"Fold5.Rep2","kernelpls","boston",0.823066666666515,3
"31",1.78571332455255,0.237849338779992,1.35678552304274,"Fold1.Rep3","kernelpls","boston",0.823066666666515,3
"34",1.6584346931419,0.382153184403375,1.12736626051913,"Fold2.Rep3","kernelpls","boston",0.823066666666515,3
"37",1.86439849394589,0.24840971010629,1.40445207113789,"Fold3.Rep3","kernelpls","boston",0.823066666666515,3
"40",1.86578953601681,0.331631670904833,1.29158364911393,"Fold4.Rep3","kernelpls","boston",0.823066666666515,3
"43",1.89704653294308,0.293253511024339,1.32971561431468,"Fold5.Rep3","kernelpls","boston",0.823066666666515,3
