"","RMSE","Rsquared","MAE","Resample","Model","Dataset","Runtime","hyper.ncomp"
"1",0.00744678250625028,0.0131386538587557,0.00556274864101912,"Fold1.Rep1","kernelpls","faithful",0.731533333333209,1
"2",0.00695799709516024,1.07767092939992e-05,0.00551821509523438,"Fold2.Rep1","kernelpls","faithful",0.731533333333209,1
"3",0.0079155682750731,0.00903098753402794,0.0058009467705572,"Fold3.Rep1","kernelpls","faithful",0.731533333333209,1
"4",0.00767123218960206,0.0053930969433791,0.00562538942789417,"Fold4.Rep1","kernelpls","faithful",0.731533333333209,1
"5",0.00768551507890408,0.00357325142693835,0.00563019172552958,"Fold5.Rep1","kernelpls","faithful",0.731533333333209,1
"6",0.00719419934809725,0.00740544518551537,0.0054325053161755,"Fold1.Rep2","kernelpls","faithful",0.731533333333209,1
"7",0.00800643145538461,0.00934011220112685,0.00582555916939382,"Fold2.Rep2","kernelpls","faithful",0.731533333333209,1
"8",0.00748367672193171,0.00885109801343615,0.00560435835811999,"Fold3.Rep2","kernelpls","faithful",0.731533333333209,1
"9",0.00748216961154603,0.000595301096576092,0.00563849947163403,"Fold4.Rep2","kernelpls","faithful",0.731533333333209,1
"10",0.00751368169980261,0.00176279986548089,0.00563459464728669,"Fold5.Rep2","kernelpls","faithful",0.731533333333209,1
"11",0.008021182194951,0.0221807075510152,0.00585067582882734,"Fold1.Rep3","kernelpls","faithful",0.731533333333209,1
"12",0.00729366194306719,0.00021240415153637,0.00546364369229861,"Fold2.Rep3","kernelpls","faithful",0.731533333333209,1
"13",0.00756336420367903,0.0124034293295826,0.00566874265188084,"Fold3.Rep3","kernelpls","faithful",0.731533333333209,1
"14",0.00715962535414831,0.000372292343596542,0.00559374889036866,"Fold4.Rep3","kernelpls","faithful",0.731533333333209,1
"15",0.00767080906213059,0.00583229285788222,0.00558828469315058,"Fold5.Rep3","kernelpls","faithful",0.731533333333209,1
