"","RMSE","Rsquared","MAE","Resample","Model","Dataset","Runtime","hyper.ncomp"
"1",0.00737163978017192,0.0112879797175784,0.00539032990075805,"Fold1.Rep1","kernelpls","faithful",0.630266666666666,1
"2",0.00742105334623426,0.00279590190216355,0.00561019431830856,"Fold2.Rep1","kernelpls","faithful",0.630266666666666,1
"3",0.0070258067441747,0.00778861913925259,0.00538515673935436,"Fold3.Rep1","kernelpls","faithful",0.630266666666666,1
"4",0.00783019636878554,0.0196884300782592,0.00568885247800858,"Fold4.Rep1","kernelpls","faithful",0.630266666666666,1
"5",0.00766121046630658,0.00846218724133411,0.00560734273250548,"Fold5.Rep1","kernelpls","faithful",0.630266666666666,1
"6",0.00811684725208881,0.00793344813719364,0.00585535881221902,"Fold1.Rep2","kernelpls","faithful",0.630266666666666,1
"7",0.00755285580034506,0.00061571406851672,0.00559557584327645,"Fold2.Rep2","kernelpls","faithful",0.630266666666666,1
"8",0.00731657324426103,0.0213952968555417,0.00547342029059254,"Fold3.Rep2","kernelpls","faithful",0.630266666666666,1
"9",0.00705033523325313,0.00520487515067917,0.00535225534493743,"Fold4.Rep2","kernelpls","faithful",0.630266666666666,1
"10",0.00727530861249947,0.0245238648017338,0.00542257885501908,"Fold5.Rep2","kernelpls","faithful",0.630266666666666,1
"11",0.00765134380274485,0.00687021332102782,0.00557754963670463,"Fold1.Rep3","kernelpls","faithful",0.630266666666666,1
"12",0.00766467020928283,0.00888903964219033,0.00567149557841516,"Fold2.Rep3","kernelpls","faithful",0.630266666666666,1
"13",0.00753858997944557,0.0281628995792779,0.00549532135085069,"Fold3.Rep3","kernelpls","faithful",0.630266666666666,1
"14",0.00720079541484662,0.00239085424271579,0.00550523347386752,"Fold4.Rep3","kernelpls","faithful",0.630266666666666,1
"15",0.00727102377610672,0.00734901974463011,0.00544196260529002,"Fold5.Rep3","kernelpls","faithful",0.630266666666666,1
