"","RMSE","Rsquared","MAE","Resample","Model","Dataset","Runtime","hyper.ncomp"
"1",1.82224516833285,0.276230582806342,1.28835355869954,"Fold1.Rep1","kernelpls","boston",1.101,3
"4",1.5724122084819,0.445301911880975,1.07561113220311,"Fold2.Rep1","kernelpls","boston",1.101,3
"7",2.0385309228382,0.133524515239456,1.4847760448485,"Fold3.Rep1","kernelpls","boston",1.101,3
"10",1.74356933327295,0.35544206117143,1.26847678254203,"Fold4.Rep1","kernelpls","boston",1.101,3
"13",1.88787475214143,0.312758467995337,1.39741121779877,"Fold5.Rep1","kernelpls","boston",1.101,3
"16",1.8107428665492,0.243027488101134,1.22678551145431,"Fold1.Rep2","kernelpls","boston",1.101,3
"19",1.84306059839908,0.312104645178112,1.32457627861598,"Fold2.Rep2","kernelpls","boston",1.101,3
"22",1.9552339016775,0.25168658356639,1.44010889122147,"Fold3.Rep2","kernelpls","boston",1.101,3
"25",1.69448500350249,0.286938221073628,1.2473086307735,"Fold4.Rep2","kernelpls","boston",1.101,3
"28",1.74717763334374,0.405137534542348,1.22883801879167,"Fold5.Rep2","kernelpls","boston",1.101,3
"31",1.71534649930921,0.339012666175547,1.25080171666052,"Fold1.Rep3","kernelpls","boston",1.101,3
"34",1.82368021456777,0.268885541859612,1.3050689943899,"Fold2.Rep3","kernelpls","boston",1.101,3
"37",1.99132488390593,0.259754166843766,1.40509142079747,"Fold3.Rep3","kernelpls","boston",1.101,3
"40",1.82011207150077,0.259361125352937,1.29618857468597,"Fold4.Rep3","kernelpls","boston",1.101,3
"43",1.71186499189675,0.375024486198797,1.22340106067549,"Fold5.Rep3","kernelpls","boston",1.101,3
