"","RMSE","Rsquared","MAE","Resample","Model","Dataset","Runtime","hyper.mtry","hyper.splitrule","hyper.min.node.size"
"3",0.79947348972065,0.868632467468661,0.407496440129455,"Fold1.Rep1","ranger","boston",1.15306666666667,13,"variance",5
"9",0.54310223997564,0.931692508295659,0.305364700000014,"Fold2.Rep1","ranger","boston",1.15306666666667,13,"variance",5
"15",0.489596069600453,0.946485087087919,0.251574933333321,"Fold3.Rep1","ranger","boston",1.15306666666667,13,"variance",5
"21",0.657930752094167,0.922305208092032,0.323643921568633,"Fold4.Rep1","ranger","boston",1.15306666666667,13,"variance",5
"27",0.542520872522074,0.945588350787701,0.271360000000006,"Fold5.Rep1","ranger","boston",1.15306666666667,13,"variance",5
"33",0.66303131785341,0.904646528104314,0.324776936026945,"Fold1.Rep2","ranger","boston",1.15306666666667,13,"variance",5
"39",0.5300277173242,0.942127058888506,0.283526105610553,"Fold2.Rep2","ranger","boston",1.15306666666667,13,"variance",5
"45",0.491909310269944,0.953704581716075,0.230830429042909,"Fold3.Rep2","ranger","boston",1.15306666666667,13,"variance",5
"51",0.704858028809666,0.903252075911522,0.344511143790845,"Fold4.Rep2","ranger","boston",1.15306666666667,13,"variance",5
"57",0.639399012671156,0.917539261589408,0.340958414239481,"Fold5.Rep2","ranger","boston",1.15306666666667,13,"variance",5
"63",0.740764205852972,0.89382638948064,0.314706535947698,"Fold1.Rep3","ranger","boston",1.15306666666667,13,"variance",5
"69",0.579034584997203,0.933961558191099,0.306645333333336,"Fold2.Rep3","ranger","boston",1.15306666666667,13,"variance",5
"75",0.593244007501358,0.935964150051665,0.279391013071898,"Fold3.Rep3","ranger","boston",1.15306666666667,13,"variance",5
"81",0.395736868962052,0.96473971316841,0.218575973597366,"Fold4.Rep3","ranger","boston",1.15306666666667,13,"variance",5
"87",0.657589320036668,0.901618703933092,0.37661785478548,"Fold5.Rep3","ranger","boston",1.15306666666667,13,"variance",5
